#001,妙蛙种子,Bulbasaur,,#152,菊草叶,Chikorita,,#252,木守宫,Treecko,,#387,草苗龟,Turtwig,,#494,比克提尼,Victini,,#650,哈力栗,Chespin,,#810,敲音猴,Grookey
#002,妙蛙草,Ivysaur,,#153,月桂叶,Bayleef,,#253,森林蜥蜴,Grovyle,,#388,树林龟,Grotle,,#495,藤藤蛇,Snivy,,#651,胖胖哈力,Quilladin,,#811,啪咚猴,Thwackey
#003,妙蛙花,Venusaur,,#154,大竺葵,Meganium,,#254,蜥蜴王,Sceptile,,#389,土台龟,Torterra,,#496,青藤蛇,Servine,,#652,布里卡隆,Chesnaught,,#812,轰擂金刚猩,Rillaboom
#004,小火龙,Charmander,,#155,火球鼠,Cyndaquil,,#255,火稚鸡,Torchic,,#390,小火焰猴,Chimchar,,#497,君主蛇,Serperior,,#653,火狐狸,Fennekin,,#813,炎兔儿,Scorbunny
#005,火恐龙,Charmeleon,,#156,火岩鼠,Quilava,,#256,力壮鸡,Combusken,,#391,猛火猴,Monferno,,#498,暖暖猪,Tepig,,#654,长尾火狐,Braixen,,#814,腾蹴小将,Raboot
#006,喷火龙,Charizard,,#157,火暴兽,Typhlosion,,#257,火焰鸡,Blaziken,,#392,烈焰猴,Infernape,,#499,炒炒猪,Pignite,,#655,妖火红狐,Delphox,,#815,闪焰王牌,Cinderace
#007,杰尼龟,Squirtle,,#157,火暴兽,Typhlosion,,#258,水跃鱼,Mudkip,,#393,波加曼,Piplup,,#500,炎武王,Emboar,,#656,呱呱泡蛙,Froakie,,#816,泪眼蜥,Sobble
#008,卡咪龟,Wartortle,,,洗翠的样子,,,#259,沼跃鱼,Marshtomp,,#394,波皇子,Prinplup,,#501,水水獭,Oshawott,,#657,呱头蛙,Frogadier,,#817,变涩蜥,Drizzile
#009,水箭龟,Blastoise,,#158,小锯鳄,Totodile,,#260,巨沼怪,Swampert,,#395,帝王拿波,Empoleon,,#502,双刃丸,Dewott,,#658,甲贺忍蛙,Greninja,,#818,千面避役,Inteleon
#010,绿毛虫,Caterpie,,#159,蓝鳄,Croconaw,,#261,土狼犬,Poochyena,,#396,姆克儿,Starly,,#503,大剑鬼,Samurott,,#659,掘掘兔,Bunnelby,,#819,贪心栗鼠,Skwovet
#011,铁甲蛹,Metapod,,#160,大力鳄,Feraligatr,,#262,大狼犬,Mightyena,,#397,姆克鸟,Staravia,,#503,大剑鬼,Samurott,,#660,掘地兔,Diggersby,,#820,藏饱栗鼠,Greedent
#012,巴大蝶,Butterfree,,#161,尾立,Sentret,,#263,蛇纹熊,Zigzagoon,,#398,姆克鹰,Staraptor,,,洗翠的样子,,,#661,小箭雀,Fletchling,,#821,稚山雀,Rookidee
#013,独角虫,Weedle,,#162,大尾立,Furret,,#263,蛇纹熊,Zigzagoon,,#399,大牙狸,Bidoof,,#504,探探鼠,Patrat,,#662,火箭雀,Fletchinder,,#822,蓝鸦,Corvisquire
#014,铁壳蛹,Kakuna,,#163,咕咕,Hoothoot,,,伽勒尔的样子,,,#400,大尾狸,Bibarel,,#505,步哨鼠,Watchog,,#663,烈箭鹰,Talonflame,,#823,钢铠鸦,Corviknight
#015,大针蜂,Beedrill,,#164,猫头夜鹰,Noctowl,,#264,直冲熊,Linoone,,#401,圆法师,Kricketot,,#506,小约克,Lillipup,,#664,粉蝶虫,Scatterbug,,#824,索侦虫,Blipbug
#016,波波,Pidgey,,#165,芭瓢虫,Ledyba,,#264,直冲熊,Linoone,,#402,音箱蟀,Kricketune,,#507,哈约克,Herdier,,#665,粉蝶蛹,Spewpa,,#825,天罩虫,Dottler
#017,比比鸟,Pidgeotto,,#166,安瓢虫,Ledian,,,伽勒尔的样子,,,#403,小猫怪,Shinx,,#508,长毛狗,Stoutland,,#666,彩粉蝶,Vivillon,,#826,以欧路普,Orbeetle
#018,大比鸟,Pidgeot,,#167,圆丝蛛,Spinarak,,#265,刺尾虫,Wurmple,,#404,勒克猫,Luxio,,#509,扒手猫,Purrloin,,#667,小狮狮,Litleo,,#827,偷儿狐,Nickit
#019,小拉达,Rattata,,#168,阿利多斯,Ariados,,#266,甲壳茧,Silcoon,,#405,伦琴猫,Luxray,,#510,酷豹,Liepard,,#668,火炎狮,Pyroar,,#828,狐大盗,Thievul
#019,小拉达,Rattata,,#169,叉字蝠,Crobat,,#267,狩猎凤蝶,Beautifly,,#406,含羞苞,Budew,,#511,花椰猴,Pansage,,#669,花蓓蓓,Flabébé,,#829,幼棉棉,Gossifleur
#170,灯笼鱼,Chinchou,,#268,盾甲茧,Cascoon,,#407,罗丝雷朵,Roserade,,#512,花椰猿,Simisage,,#670,花叶蒂,Floette,,#830,白蓬蓬,Eldegoss
#020,拉达,Raticate,,#171,电灯怪,Lanturn,,#269,毒粉蛾,Dustox,,#408,头盖龙,Cranidos,,#513,爆香猴,Pansear,,#671,花洁夫人,Florges,,#831,毛辫羊,Wooloo
#020,拉达,Raticate,,#172,皮丘,Pichu,,#270,莲叶童子,Lotad,,#409,战槌龙,Rampardos,,#514,爆香猿,Simisear,,#672,坐骑小羊,Skiddo,,#832,毛毛角羊,Dubwool
,阿罗拉的样子,,,#173,皮宝宝*,Cleffa,,#271,莲帽小童,Lombre,,#410,盾甲龙,Shieldon,,#515,冷水猴,Panpour,,#673,坐骑山羊,Gogoat,,#833,咬咬龟,Chewtle
#021,烈雀,Spearow,,#174,宝宝丁*,Igglybuff,,#272,乐天河童,Ludicolo,,#411,护城龙,Bastiodon,,#516,冷水猿,Simipour,,#674,顽皮熊猫,Pancham,,#834,暴噬龟,Drednaw
#022,大嘴雀,Fearow,,#175,波克比*,Togepi,,#273,橡实果,Seedot,,#412,结草儿,Burmy,,#517,食梦梦,Munna,,#675,流氓熊猫,Pangoro,,#835,来电汪,Yamper
#023,阿柏蛇,Ekans,,#176,波克基古*,Togetic,,#274,长鼻叶,Nuzleaf,,#413,结草贵妇,Wormadam,,#518,梦梦蚀,Musharna,,#676,多丽米亚,Furfrou,,#836,逐电犬,Boltund
#024,阿柏怪,Arbok,,#177,天然雀,Natu,,#275,狡猾天狗,Shiftry,,#414,绅士蛾,Mothim,,#519,豆豆鸽,Pidove,,#677,妙喵,Espurr,,#837,小炭仔,Rolycoly
#025,皮卡丘,Pikachu,,#178,天然鸟,Xatu,,#276,傲骨燕,Taillow,,#415,三蜜蜂,Combee,,#520,咕咕鸽,Tranquill,,#678,超能妙喵,Meowstic,,#838,大炭车,Carkol
#026,雷丘,Raichu,,#179,咩利羊,Mareep,,#277,大王燕,Swellow,,#416,蜂女王,Vespiquen,,#521,高傲雉鸡,Unfezant,,#679,独剑鞘,Honedge,,#839,巨炭山,Coalossal
#026,雷丘,Raichu,,#180,茸茸羊,Flaaffy,,#278,长翅鸥,Wingull,,#417,帕奇利兹,Pachirisu,,#522,斑斑马,Blitzle,,#680,双剑鞘,Doublade,,#840,啃果虫,Applin
,阿罗拉的样子,,,#181,电龙,Ampharos,,#279,大嘴鸥,Pelipper,,#418,泳圈鼬,Buizel,,#523,雷电斑马,Zebstrika,,#681,坚盾剑怪,Aegislash,,#841,苹裹龙,Flapple
#027,穿山鼠,Sandshrew,,#182,美丽花,Bellossom,,#280,拉鲁拉丝*,Ralts,,#419,浮潜鼬,Floatzel,,#524,石丸子,Roggenrola,,#682,粉香香,Spritzee,,#842,丰蜜龙,Appletun
#027,穿山鼠,Sandshrew,,#183,玛力露*,Marill,,#281,奇鲁莉安*,Kirlia,,#420,樱花宝,Cherubi,,#525,地幔岩,Boldore,,#683,芳香精,Aromatisse,,#843,沙包蛇,Silicobra
,阿罗拉的样子,,,#184,玛力露丽*,Azumarill,,#282,沙奈朵*,Gardevoir,,#421,樱花儿,Cherrim,,#526,庞岩怪,Gigalith,,#684,绵绵泡芙,Swirlix,,#844,沙螺蟒,Sandaconda
#028,穿山王,Sandslash,,#185,树才怪,Sudowoodo,,#283,溜溜糖球,Surskit,,#422,无壳海兔,Shellos,,#527,滚滚蝙蝠,Woobat,,#685,胖甜妮,Slurpuff,,#845,古月鸟,Cramorant
#028,穿山王,Sandslash,,#186,蚊香蛙皇,Politoed,,#284,雨翅蛾,Masquerain,,#423,海兔兽,Gastrodon,,#528,心蝙蝠,Swoobat,,#686,好啦鱿,Inkay,,#846,刺梭鱼,Arrokuda
,阿罗拉的样子,,,#187,毽子草,Hoppip,,#285,蘑蘑菇,Shroomish,,#424,双尾怪手,Ambipom,,#529,螺钉地鼠,Drilbur,,#687,乌贼王,Malamar,,#847,戽斗尖梭,Barraskewda
#029,尼多兰,Nidoran♀,,#188,毽子花,Skiploom,,#286,斗笠菇,Breloom,,#425,飘飘球,Drifloon,,#530,龙头地鼠,Excadrill,,#688,龟脚脚,Binacle,,#848,毒电婴,Toxel
#030,尼多娜,Nidorina,,#189,毽子棉,Jumpluff,,#287,懒人獭,Slakoth,,#426,随风球,Drifblim,,#531,差不多娃娃,Audino,,#689,龟足巨铠,Barbaracle,,#849,颤弦蝾螈,Toxtricity
#031,尼多后,Nidoqueen,,#190,长尾怪手,Aipom,,#288,过动猿,Vigoroth,,#427,卷卷耳,Buneary,,#532,搬运小匠,Timburr,,#690,垃垃藻,Skrelp,,#850,烧火蚣,Sizzlipede
#032,尼多朗,Nidoran♂,,#191,向日种子,Sunkern,,#289,请假王,Slaking,,#428,长耳兔,Lopunny,,#533,铁骨土人,Gurdurr,,#691,毒藻龙,Dragalge,,#851,焚焰蚣,Centiskorch
#033,尼多力诺,Nidorino,,#192,向日花怪,Sunflora,,#290,土居忍士,Nincada,,#429,梦妖魔,Mismagius,,#534,修建老匠,Conkeldurr,,#692,铁臂枪虾,Clauncher,,#852,拳拳蛸,Clobbopus
#034,尼多王,Nidoking,,#193,蜻蜻蜓,Yanma,,#291,铁面忍者,Ninjask,,#430,乌鸦头头,Honchkrow,,#535,圆蝌蚪,Tympole,,#693,钢炮臂虾,Clawitzer,,#853,八爪武师,Grapploct
#035,皮皮*,Clefairy,,#194,乌波,Wooper,,#292,脱壳忍者,Shedinja,,#431,魅力喵,Glameow,,#536,蓝蟾蜍,Palpitoad,,#694,伞电蜥,Helioptile,,#854,来悲茶,Sinistea
#036,皮可西*,Clefable,,#195,沼王,Quagsire,,#293,咕妞妞,Whismur,,#432,东施喵,Purugly,,#537,蟾蜍王,Seismitoad,,#695,光电伞蜥,Heliolisk,,#855,怖思壶,Polteageist
#037,六尾,Vulpix,,#196,太阳伊布,Espeon,,#294,吼爆弹,Loudred,,#433,铃铛响,Chingling,,#538,投摔鬼,Throh,,#696,宝宝暴龙,Tyrunt,,#856,迷布莉姆,Hatenna
#037,六尾,Vulpix,,#197,月亮伊布,Umbreon,,#295,爆音怪,Exploud,,#434,臭鼬噗,Stunky,,#539,打击鬼,Sawk,,#697,怪颚龙,Tyrantrum,,#857,提布莉姆,Hattrem
,阿罗拉的样子,,,#198,黑暗鸦,Murkrow,,#296,幕下力士,Makuhita,,#435,坦克臭鼬,Skuntank,,#540,虫宝包,Sewaddle,,#698,冰雪龙,Amaura,,#858,布莉姆温,Hatterene
#038,九尾,Ninetales,,#199,呆呆王,Slowking,,#297,铁掌力士,Hariyama,,#436,铜镜怪,Bronzor,,#541,宝包茧,Swadloon,,#699,冰雪巨龙,Aurorus,,#859,捣蛋小妖,Impidimp
#038,九尾,Ninetales,,#199,呆呆王,Slowking,,#298,露力丽*,Azurill,,#437,青铜钟,Bronzong,,#542,保姆虫,Leavanny,,#700,仙子伊布,Sylveon,,#860,诈唬魔,Morgrem
,阿罗拉的样子,,,,伽勒尔的样子,,,#299,朝北鼻,Nosepass,,#438,盆才怪,Bonsly,,#543,百足蜈蚣,Venipede,,#701,摔角鹰人,Hawlucha,,#861,长毛巨魔,Grimmsnarl
#039,胖丁*,Jigglypuff,,#200,梦妖,Misdreavus,,#300,向尾喵,Skitty,,#439,魔尼尼*,Mime Jr.,,#544,车轮球,Whirlipede,,#702,咚咚鼠,Dedenne,,#862,堵拦熊,Obstagoon
#040,胖可丁*,Wigglytuff,,#201,未知图腾,Unown,,#301,优雅猫,Delcatty,,#440,小福蛋,Happiny,,#545,蜈蚣王,Scolipede,,#703,小碎钻,Carbink,,#863,喵头目,Perrserker
#041,超音蝠,Zubat,,#202,果然翁,Wobbuffet,,#302,勾魂眼,Sableye,,#441,聒噪鸟,Chatot,,#546,木棉球*,Cottonee,,#704,黏黏宝,Goomy,,#864,魔灵珊瑚,Cursola
#042,大嘴蝠,Golbat,,#203,麒麟奇,Girafarig,,#303,大嘴娃*,Mawile,,#442,花岩怪,Spiritomb,,#547,风妖精*,Whimsicott,,#705,黏美儿,Sliggoo,,#865,葱游兵,Sirfetch'd
#043,走路草,Oddish,,#204,榛果球,Pineco,,#304,可可多拉,Aron,,#443,圆陆鲨,Gible,,#548,百合根娃娃,Petilil,,#705,黏美儿,Sliggoo,,#866,踏冰人偶,Mr. Rime
#044,臭臭花,Gloom,,#205,佛烈托斯,Forretress,,#305,可多拉,Lairon,,#444,尖牙陆鲨,Gabite,,#549,裙儿小姐,Lilligant,,,洗翠的样子,,,#867,死神板,Runerigus
#045,霸王花,Vileplume,,#206,土龙弟弟,Dunsparce,,#306,波士可多拉,Aggron,,#445,烈咬陆鲨,Garchomp,,#549,裙儿小姐,Lilligant,,#706,黏美龙,Goodra,,#868,小仙奶,Milcery
#046,派拉斯,Paras,,#207,天蝎,Gligar,,#307,玛沙那,Meditite,,#446,小卡比兽,Munchlax,,,洗翠的样子,,,#706,黏美龙,Goodra,,#869,霜奶仙,Alcremie
#047,派拉斯特,Parasect,,#208,大钢蛇,Steelix,,#308,恰雷姆,Medicham,,#447,利欧路,Riolu,,#550,野蛮鲈鱼,Basculin,,,洗翠的样子,,,#870,列阵兵,Falinks
#048,毛球,Venonat,,#209,布鲁*,Snubbull,,#309,落雷兽,Electrike,,#448,路卡利欧,Lucario,,#550,野蛮鲈鱼,Basculin,,#707,钥圈儿,Klefki,,#871,啪嚓海胆,Pincurchin
#049,摩鲁蛾,Venomoth,,#210,布鲁皇*,Granbull,,#310,雷电兽,Manectric,,#449,沙河马,Hippopotas,,,白条纹的样子,,,#708,小木灵,Phantump,,#872,雪吞虫,Snom
#050,地鼠,Diglett,,#211,千针鱼,Qwilfish,,#311,正电拍拍,Plusle,,#450,河马兽,Hippowdon,,#551,黑眼鳄,Sandile,,#709,朽木妖,Trevenant,,#873,雪绒蛾,Frosmoth
#050,地鼠,Diglett,,#211,千针鱼,Qwilfish,,#312,负电拍拍,Minun,,#451,钳尾蝎,Skorupi,,#552,混混鳄,Krokorok,,#710,南瓜精,Pumpkaboo,,#874,巨石丁,Stonjourner
,阿罗拉的样子,,,,洗翠的样子,,,#313,电萤虫,Volbeat,,#452,龙王蝎,Drapion,,#553,流氓鳄,Krookodile,,#711,南瓜怪人,Gourgeist,,#875,冰砌鹅,Eiscue
#051,三地鼠,Dugtrio,,#212,巨钳螳螂,Scizor,,#314,甜甜萤,Illumise,,#453,不良蛙,Croagunk,,#554,火红不倒翁,Darumaka,,#712,冰宝,Bergmite,,#876,爱管侍,Indeedee
#051,三地鼠,Dugtrio,,#213,壶壶,Shuckle,,#315,毒蔷薇,Roselia,,#454,毒骷蛙,Toxicroak,,#554,火红不倒翁,Darumaka,,#713,冰岩怪,Avalugg,,#877,莫鲁贝可,Morpeko
,阿罗拉的样子,,,#214,赫拉克罗斯,Heracross,,#316,溶食兽,Gulpin,,#455,尖牙笼,Carnivine,,,伽勒尔的样子,,,#713,冰岩怪,Avalugg,,#878,铜象,Cufant
#052,喵喵,Meowth,,#215,狃拉,Sneasel,,#317,吞食兽,Swalot,,#456,荧光鱼,Finneon,,#555,达摩狒狒,Darmanitan,,,洗翠的样子,,,#879,大王铜象,Copperajah
#052,喵喵,Meowth,,#215,狃拉,Sneasel,,#318,利牙鱼,Carvanha,,#457,霓虹鱼,Lumineon,,#555,达摩狒狒,Darmanitan,,#714,嗡蝠,Noibat,,#880,雷鸟龙,Dracozolt
,阿罗拉的样子,,,,洗翠的样子,,,#319,巨牙鲨,Sharpedo,,#458,小球飞鱼,Mantyke,,,伽勒尔的样子,,,#715,音波龙,Noivern,,#881,雷鸟海兽,Arctozolt
#052,喵喵,Meowth,,#216,熊宝宝,Teddiursa,,#320,吼吼鲸,Wailmer,,#459,雪笠怪,Snover,,#556,沙铃仙人掌,Maractus,,#716,哲尔尼亚斯,Xerneas,,#882,鳃鱼龙,Dracovish
,伽勒尔的样子,,,#217,圈圈熊,Ursaring,,#321,吼鲸王,Wailord,,#460,暴雪王,Abomasnow,,#557,石居蟹,Dwebble,,#717,伊裴尔塔尔,Yveltal,,#883,鳃鱼海兽,Arctovish
#053,猫老大,Persian,,#218,熔岩虫,Slugma,,#322,呆火驼,Numel,,#461,玛狃拉,Weavile,,#558,岩殿居蟹,Crustle,,#718,基格尔德,Zygarde,,#884,铝钢龙,Duraludon
#053,猫老大,Persian,,#219,熔岩蜗牛,Magcargo,,#323,喷火驼,Camerupt,,#462,自爆磁怪,Magnezone,,#559,滑滑小子,Scraggy,,#719,蒂安希,Diancie,,#885,多龙梅西亚,Dreepy
,阿罗拉的样子,,,#220,小山猪,Swinub,,#324,煤炭龟,Torkoal,,#463,大舌舔,Lickilicky,,#560,头巾混混,Scrafty,,#720,胡帕,Hoopa,,#886,多龙奇,Drakloak
#054,可达鸭,Psyduck,,#221,长毛猪,Piloswine,,#325,跳跳猪,Spoink,,#464,超甲狂犀,Rhyperior,,#561,象征鸟,Sigilyph,,#721,波尔凯尼恩,Volcanion,,#887,多龙巴鲁托,Dragapult
#055,哥达鸭,Golduck,,#222,太阳珊瑚,Corsola,,#326,噗噗猪,Grumpig,,#465,巨蔓藤,Tangrowth,,#562,哭哭面具,Yamask,,,,,,#888,苍响,Zacian
#056,猴怪,Mankey,,#222,太阳珊瑚,Corsola,,#327,晃晃斑,Spinda,,#466,电击魔兽,Electivire,,#562,哭哭面具,Yamask,
#889,藏玛然特,Zamazenta
#057,火暴猴,Primeape,,,伽勒尔的样子,,,#328,大颚蚁,Trapinch,,#467,鸭嘴炎兽,Magmortar,
#890,无极汰那,Eternatus
#058,卡蒂狗,Growlithe,,#223,铁炮鱼,Remoraid,,#329,超音波幼虫,Vibrava,,#468,波克基斯*,Togekiss,,#563,死神棺,Cofagrigus,,,中文,英文,,#891,熊徒弟,Kubfu
#058,卡蒂狗,Growlithe,,#224,章鱼桶,Octillery,,#330,沙漠蜻蜓,Flygon,,#469,远古巨蜓,Yanmega,,#564,原盖海龟,Tirtouga,,#722,木木枭,Rowlet,,#892,武道熊师,Urshifu
,洗翠的样子,,,#225,信使鸟,Delibird,,#331,刺球仙人掌,Cacnea,,#470,叶伊布,Leafeon,,#565,肋骨海龟,Carracosta,,#723,投羽枭,Dartrix,,#893,萨戮德,Zarude
#059,风速狗,Arcanine,,#226,巨翅飞鱼,Mantine,,#332,梦歌仙人掌,Cacturne,,#471,冰伊布,Glaceon,,#566,始祖小鸟,Archen,,#724,狙射树枭,Decidueye,,#894,雷吉艾勒奇,Regieleki
#059,风速狗,Arcanine,,#227,盔甲鸟,Skarmory,,#333,青绵鸟,Swablu,,#472,天蝎王,Gliscor,,#567,始祖大鸟,Archeops,,#724,狙射树枭,Decidueye,,#895,雷吉铎拉戈,Regidrago
,洗翠的样子,,,#228,戴鲁比,Houndour,,#334,七夕青鸟,Altaria,,#473,象牙猪,Mamoswine,,#568,破破袋,Trubbish,,,洗翠的样子,,,#896,雪暴马,Glastrier
#060,蚊香蝌蚪,Poliwag,,#229,黑鲁加,Houndoom,,#335,猫鼬斩,Zangoose,,#474,多边兽Ｚ,Porygon-Z,,#569,灰尘山,Garbodor,,#725,火斑喵,Litten,,#897,灵幽马,Spectrier
#061,蚊香君,Poliwhirl,,#230,刺龙王,Kingdra,,#336,饭匙蛇,Seviper,,#475,艾路雷朵,Gallade,,#570,索罗亚,Zorua,,#726,炎热喵,Torracat,,#898,蕾冠王,Calyrex
#062,蚊香泳士,Poliwrath,,#231,小小象,Phanpy,,#337,月石,Lunatone,,#476,大朝北鼻,Probopass,,#570,索罗亚,Zorua,,#727,炽焰咆哮虎,Incineroar,,#899,诡角鹿,Wyrdeer
#063,凯西,Abra,,#232,顿甲,Donphan,,#338,太阳岩,Solrock,,#477,黑夜魔灵,Dusknoir,,,洗翠的样子,,,#728,球球海狮,Popplio,,#900,劈斧螳螂,Kleavor
#064,勇基拉,Kadabra,,#233,多边兽Ⅱ,Porygon2,,#339,泥泥鳅,Barboach,,#478,雪妖女,Froslass,,#571,索罗亚克,Zoroark,,#729,花漾海狮,Brionne,,#901,月月熊,Ursaluna
#065,胡地,Alakazam,,#234,惊角鹿,Stantler,,#340,鲶鱼王,Whiscash,,#479,洛托姆,Rotom,,#571,索罗亚克,Zoroark,,#730,西狮海壬,Primarina,,#902,幽尾玄鱼,Basculegion
#066,腕力,Machop,,#235,图图犬,Smeargle,,#341,龙虾小兵,Corphish,,#480,由克希,Uxie,,,洗翠的样子,,,#731,小笃儿,Pikipek,,#903,大狃拉,Sneasler
#067,豪力,Machoke,,#236,无畏小子,Tyrogue,,#342,铁螯龙虾,Crawdaunt,,#481,艾姆利多,Mesprit,,#572,泡沫栗鼠,Minccino,,#732,喇叭啄鸟,Trumbeak,,#904,万针鱼,Overqwil
#068,怪力,Machamp,,#237,战舞郎,Hitmontop,,#343,天秤偶,Baltoy,,#482,亚克诺姆,Azelf,,#573,奇诺栗鼠,Cinccino,,#733,铳嘴大鸟,Toucannon,,#905,眷恋云,Enamorus
#069,喇叭芽,Bellsprout,,#238,迷唇娃,Smoochum,,#344,念力土偶,Claydol,,#483,帝牙卢卡,Dialga,,#574,哥德宝宝,Gothita,,#734,猫鼬少,Yungoos,,,,
#070,口呆花,Weepinbell,,#239,电击怪,Elekid,,#345,触手百合,Lileep,,#484,帕路奇亚,Palkia,,#575,哥德小童,Gothorita,,#735,猫鼬探长,Gumshoos,,,,
#071,大食花,Victreebel,,#240,鸭嘴宝宝,Magby,,#346,摇篮百合,Cradily,,#485,席多蓝恩,Heatran,,#576,哥德小姐,Gothitelle,,#736,强颚鸡母虫,Grubbin,,,,
#072,玛瑙水母,Tentacool,,#241,大奶罐,Miltank,,#347,太古羽虫,Anorith,,#486,雷吉奇卡斯,Regigigas,,#577,单卵细胞球,Solosis,,#737,虫电宝,Charjabug,,,,
#073,毒刺水母,Tentacruel,,#242,幸福蛋,Blissey,,#348,太古盔甲,Armaldo,,#487,骑拉帝纳,Giratina,,#578,双卵细胞球,Duosion,,#738,锹农炮虫,Vikavolt,,,,
#074,小拳石,Geodude,,#243,雷公,Raikou,,#349,丑丑鱼,Feebas,,#488,克雷色利亚,Cresselia,,#579,人造细胞卵,Reuniclus,,#739,好胜蟹,Crabrawler,,,,
#074,小拳石,Geodude,,#244,炎帝,Entei,,#350,美纳斯,Milotic,,#489,霏欧纳,Phione,,#580,鸭宝宝,Ducklett,,#740,好胜毛蟹,Crabominable,,,,
,阿罗拉的样子,,,#245,水君,Suicune,,#351,飘浮泡泡,Castform,,#490,玛纳霏,Manaphy,,#581,舞天鹅,Swanna,,#741,花舞鸟,Oricorio,,,,
#075,隆隆石,Graveler,,#246,幼基拉斯,Larvitar,,#352,变隐龙,Kecleon,,#491,达克莱伊,Darkrai,,#582,迷你冰,Vanillite,,#742,萌虻,Cutiefly,,,,
#075,隆隆石,Graveler,,#247,沙基拉斯,Pupitar,,#353,怨影娃娃,Shuppet,,#492,谢米,Shaymin,,#583,多多冰,Vanillish,,#743,蝶结萌虻,Ribombee,,,,
,阿罗拉的样子,,,#248,班基拉斯,Tyranitar,,#354,诅咒娃娃,Banette,,#493,阿尔宙斯,Arceus,,#584,双倍多多冰,Vanilluxe,,#744,岩狗狗,Rockruff,,,,
#076,隆隆岩,Golem,,#249,洛奇亚,Lugia,,#355,夜巡灵,Duskull,,,,,,#585,四季鹿,Deerling,,#745,鬃岩狼人,Lycanroc,,,,
#076,隆隆岩,Golem,,#250,凤王,Ho-Oh,,#356,彷徨夜灵,Dusclops
#586,萌芽鹿,Sawsbuck,,#746,弱丁鱼,Wishiwashi,,,,
,阿罗拉的样子,,,#251,时拉比,Celebi,,#357,热带龙,Tropius,,,,,,#587,电飞鼠,Emolga,,#747,好坏星,Mareanie,,,,
#077,小火马,Ponyta,,,,,,#358,风铃铃,Chimecho,,,,,,#588,盖盖虫,Karrablast,,#748,超坏星,Toxapex,,,,
#077,小火马,Ponyta,,,,,,#359,阿勃梭鲁,Absol,,,,,,#589,骑士蜗牛,Escavalier,,#749,泥驴仔,Mudbray,,,,
,伽勒尔的样子,,,,,,,#360,小果然,Wynaut,,,,,,#590,哎呀球菇,Foongus,,#750,重泥挽马,Mudsdale,,,,
#078,烈焰马,Rapidash,,,,,,#361,雪童子,Snorunt,,,,,,#591,败露球菇,Amoonguss,,#751,滴蛛,Dewpider,,,,
#078,烈焰马,Rapidash,,,,,,#362,冰鬼护,Glalie,,,,,,#592,轻飘飘,Frillish,,#752,滴蛛霸,Araquanid,,,,
,伽勒尔的样子,,,,,,,#363,海豹球,Spheal,,,,,,#593,胖嘟嘟,Jellicent,,#753,伪螳草,Fomantis,,,,
#079,呆呆兽,Slowpoke,,,,,,#364,海魔狮,Sealeo,,,,,,#594,保姆曼波,Alomomola,,#754,兰螳花,Lurantis,,,,
#079,呆呆兽,Slowpoke,,,,,,#365,帝牙海狮,Walrein,,,,,,#595,电电虫,Joltik,,#755,睡睡菇,Morelull,,,,
,伽勒尔的样子,,,,,,,#366,珍珠贝,Clamperl,,,,,,#596,电蜘蛛,Galvantula,,#756,灯罩夜菇,Shiinotic,,,,
#080,呆壳兽,Slowbro,,,,,,#367,猎斑鱼,Huntail,,,,,,#597,种子铁球,Ferroseed,,#757,夜盗火蜥,Salandit,,,,
#080,呆壳兽,Slowbro,,,,,,#368,樱花鱼,Gorebyss,,,,,,#598,坚果哑铃,Ferrothorn,,#758,焰后蜥,Salazzle,,,,
,伽勒尔的样子,,,,,,,#369,古空棘鱼,Relicanth,,,,,,#599,齿轮儿,Klink,,#759,童偶熊,Stufful,,,,
#081,小磁怪*,Magnemite,,,,,,#370,爱心鱼,Luvdisc,,,,,,#600,齿轮组,Klang,,#760,穿着熊,Bewear,,,,
#082,三合一磁怪*,Magneton,,,,,,#371,宝贝龙,Bagon,,,,,,#601,齿轮怪,Klinklang,,#761,甜竹竹,Bounsweet,,,,
#083,大葱鸭,Farfetch'd,,,,,,#372,甲壳龙,Shelgon,,,,,,#602,麻麻小鱼,Tynamo,,#762,甜舞妮,Steenee,,,,
#083,大葱鸭,Farfetch'd,,,,,,#373,暴飞龙,Salamence,,,,,,#603,麻麻鳗,Eelektrik,,#763,甜冷美后,Tsareena,,,,
,伽勒尔的样子,,,,,,,#374,铁哑铃,Beldum,,,,,,#604,麻麻鳗鱼王,Eelektross,,#764,花疗环环,Comfey,,,,
#084,嘟嘟,Doduo,,,,,,#375,金属怪,Metang,,,,,,#605,小灰怪,Elgyem,,#765,智挥猩,Oranguru,,,,
#085,嘟嘟利,Dodrio,,,,,,#376,巨金怪,Metagross,,,,,,#606,大宇怪,Beheeyem,,#766,投掷猴,Passimian,,,,
#086,小海狮,Seel,,,,,,#377,雷吉洛克,Regirock,,,,,,#607,烛光灵,Litwick,,#767,胆小虫,Wimpod,,,,
#087,白海狮,Dewgong,,,,,,#378,雷吉艾斯,Regice,,,,,,#608,灯火幽灵,Lampent,,#768,具甲武者,Golisopod,,,,
#088,臭泥,Grimer,,,,,,#379,雷吉斯奇鲁,Registeel,,,,,,#609,水晶灯火灵,Chandelure,,#769,沙丘娃,Sandygast,,,,
#088,臭泥,Grimer,,,,,,#380,拉帝亚斯,Latias,,,,,,#610,牙牙,Axew,,#770,噬沙堡爷,Palossand,,,,
,阿罗拉的样子,,,,,,,#381,拉帝欧斯,Latios,,,,,,#611,斧牙龙,Fraxure,,#771,拳海参,Pyukumuku,,,,
#089,臭臭泥,Muk,,,,,,#382,盖欧卡,Kyogre,,,,,,#612,双斧战龙,Haxorus,,#772,属性：空,Type: Null,,,,
#089,臭臭泥,Muk,,,,,,#383,固拉多,Groudon,,,,,,#613,喷嚏熊,Cubchoo,,#773,银伴战兽,Silvally,,,,
,阿罗拉的样子,,,,,,,#384,烈空坐,Rayquaza,,,,,,#614,冻原熊,Beartic,,#774,小陨星,Minior,,,,
#090,大舌贝,Shellder,,,,,,#385,基拉祈,Jirachi,,,,,,#615,几何雪花,Cryogonal,,#775,树枕尾熊,Komala,,,,
#091,刺甲贝,Cloyster,,,,,,#386,代欧奇希斯,Deoxys,,,,,,#616,小嘴蜗,Shelmet,,#776,爆焰龟兽,Turtonator,,,,
#092,鬼斯,Gastly,,,,,,,,,,,,,,#617,敏捷虫,Accelgor,,#777,托戈德玛尔,Togedemaru,,,,
#093,鬼斯通,Haunter,,,,,,,,,,,,,,#618,泥巴鱼,Stunfisk,,#778,谜拟Ｑ,Mimikyu,,,,
#094,耿鬼,Gengar,,,,,,,,,,,,,,#618,泥巴鱼,Stunfisk,,#779,磨牙彩皮鱼,Bruxish,,,,
#095,大岩蛇,Onix,,,,,,,,,,,,,,,伽勒尔的样子,,,#780,老翁龙,Drampa,,,,
#096,催眠貘,Drowzee,,,,,,,,,,,,,,#619,功夫鼬,Mienfoo,,#781,破破舵轮,Dhelmise,,,,
#097,引梦貘人,Hypno,,,,,,,,,,,,,,#620,师父鼬,Mienshao,,#782,心鳞宝,Jangmo-o,,,,
#098,大钳蟹,Krabby,,,,,,,,,,,,,,#621,赤面龙,Druddigon,,#783,鳞甲龙,Hakamo-o,,,,
#099,巨钳蟹,Kingler,,,,,,,,,,,,,,#622,泥偶小人,Golett,,#784,杖尾鳞甲龙,Kommo-o,,,,
#100,霹雳电球,Voltorb,,,,,,,,,,,,,,#623,泥偶巨人,Golurk,,#785,卡璞?鸣鸣,Tapu Koko,,,,
#100,霹雳电球,Voltorb,,,,,,,,,,,,,,#624,驹刀小兵,Pawniard,,#786,卡璞?蝶蝶,Tapu Lele,,,,
,洗翠的样子,,,,,,,,,,,,,,,#625,劈斩司令,Bisharp,,#787,卡璞?哞哞,Tapu Bulu,,,,
#101,顽皮雷弹,Electrode,,,,,,,,,,,,,,#626,爆炸头水牛,Bouffalant,,#788,卡璞?鳍鳍,Tapu Fini,,,,
#101,顽皮雷弹,Electrode,,,,,,,,,,,,,,#627,毛头小鹰,Rufflet,,#789,科斯莫古,Cosmog,,,,
,洗翠的样子,,,,,,,,,,,,,,,#628,勇士雄鹰,Braviary,,#790,科斯莫姆,Cosmoem,,,,
#102,蛋蛋,Exeggcute,,,,,,,,,,,,,,#628,勇士雄鹰,Braviary,,#791,索尔迦雷欧,Solgaleo,,,,
#103,椰蛋树,Exeggutor,,,,,,,,,,,,,,,洗翠的样子,,,#792,露奈雅拉,Lunala,,,,
#103,椰蛋树,Exeggutor,,,,,,,,,,,,,,#629,秃鹰丫头,Vullaby,,#793,虚吾伊德,Nihilego,,,,
,阿罗拉的样子,,,,,,,,,,,,,,,#630,秃鹰娜,Mandibuzz,,#794,爆肌蚊,Buzzwole,,,,
#104,卡拉卡拉,Cubone,,,,,,,,,,,,,,#631,熔蚁兽,Heatmor,,#795,费洛美螂,Pheromosa,,,,
#105,嘎啦嘎啦,Marowak,,,,,,,,,,,,,,#632,铁蚁,Durant,,#796,电束木,Xurkitree,,,,
#105,嘎啦嘎啦,Marowak,,,,,,,,,,,,,,#633,单首龙,Deino,,#797,铁火辉夜,Celesteela,,,,
,阿罗拉的样子,,,,,,,,,,,,,,,#634,双首暴龙,Zweilous,,#798,纸御剑,Kartana,,,,
#106,飞腿郎,Hitmonlee,,,,,,,,,,,,,,#635,三首恶龙,Hydreigon,,#799,恶食大王,Guzzlord,,,,
#107,快拳郎,Hitmonchan,,,,,,,,,,,,,,#636,燃烧虫,Larvesta,,#800,奈克洛兹玛,Necrozma,,,,
#108,大舌头,Lickitung,,,,,,,,,,,,,,#637,火神蛾,Volcarona,,#801,玛机雅娜,Magearna,,,,
#109,瓦斯弹,Koffing,,,,,,,,,,,,,,#638,勾帕路翁,Cobalion,,#802,玛夏多,Marshadow,,,,
#110,双弹瓦斯,Weezing,,,,,,,,,,,,,,#639,代拉基翁,Terrakion,,#803,毒贝比,Poipole,,,,
#110,双弹瓦斯,Weezing,,,,,,,,,,,,,,#640,毕力吉翁,Virizion,,#804,四颚针龙,Naganadel,,,,
,伽勒尔的样子,,,,,,,,,,,,,,,#641,龙卷云,Tornadus,,#805,垒磊石,Stakataka,,,,
#111,独角犀牛,Rhyhorn,,,,,,,,,,,,,,#642,雷电云,Thundurus,,#806,砰头小丑,Blacephalon,,,,
#112,钻角犀兽,Rhydon,,,,,,,,,,,,,,#643,莱希拉姆,Reshiram,,#807,捷拉奥拉,Zeraora,,,,
#113,吉利蛋,Chansey,,,,,,,,,,,,,,#644,捷克罗姆,Zekrom,,#808,美录坦,Meltan,,,,
#114,蔓藤怪,Tangela,,,,,,,,,,,,,,#645,土地云,Landorus,,#809,美录梅塔,Melmetal,,,,
#115,袋兽,Kangaskhan,,,,,,,,,,,,,,#646,酋雷姆,Kyurem,,,,,,,,
#116,墨海马,Horsea,,,,,,,,,,,,,,#647,凯路迪欧,Keldeo
#117,海刺龙,Seadra,,,,,,,,,,,,,,#648,美洛耶塔,Meloetta,,,,,,,,
#118,角金鱼,Goldeen,,,,,,,,,,,,,,#649,盖诺赛克特,Genesect,,,,,,,,
#119,金鱼王,Seaking,,,,,,,,,,,,,,,,,,,,,,,,
#120,海星星,Staryu,,,,,,,,,,,,,,,,,,,,,,,,
#121,宝石海星,Starmie,,,,,,,,,,,,,,,,,,,,,,,,
#122,魔墙人偶*,Mr. Mime,,,,,,,,,,,,,,,,,,,,,,,,
#122,魔墙人偶,Mr. Mime,,,,,,,,,,,,,,,,,,,,,,,,
,伽勒尔的样子,,,,,,,,,,,,,,,,,,,,,,,,,
#123,飞天螳螂,Scyther,,,,,,,,,,,,,,,,,,,,,,,,
#124,迷唇姐,Jynx,,,,,,,,,,,,,,,,,,,,,,,,
#125,电击兽,Electabuzz,,,,,,,,,,,,,,,,,,,,,,,,
#126,鸭嘴火兽,Magmar,,,,,,,,,,,,,,,,,,,,,,,,
#127,凯罗斯,Pinsir,,,,,,,,,,,,,,,,,,,,,,,,
#128,肯泰罗,Tauros,,,,,,,,,,,,,,,,,,,,,,,,
#129,鲤鱼王,Magikarp,,,,,,,,,,,,,,,,,,,,,,,,
#130,暴鲤龙,Gyarados,,,,,,,,,,,,,,,,,,,,,,,,
#131,拉普拉斯,Lapras,,,,,,,,,,,,,,,,,,,,,,,,
#132,百变怪,Ditto,,,,,,,,,,,,,,,,,,,,,,,,
#133,伊布,Eevee,,,,,,,,,,,,,,,,,,,,,,,,
#134,水伊布,Vaporeon,,,,,,,,,,,,,,,,,,,,,,,,
#135,雷伊布,Jolteon,,,,,,,,,,,,,,,,,,,,,,,,
#136,火伊布,Flareon,,,,,,,,,,,,,,,,,,,,,,,,
#137,多边兽,Porygon,,,,,,,,,,,,,,,,,,,,,,,,
#138,菊石兽,Omanyte,,,,,,,,,,,,,,,,,,,,,,,,
#139,多刺菊石兽,Omastar,,,,,,,,,,,,,,,,,,,,,,,,
#140,化石盔,Kabuto,,,,,,,,,,,,,,,,,,,,,,,,
#141,镰刀盔,Kabutops,,,,,,,,,,,,,,,,,,,,,,,,
#142,化石翼龙,Aerodactyl,,,,,,,,,,,,,,,,,,,,,,,,
#143,卡比兽,Snorlax,,,,,,,,,,,,,,,,,,,,,,,,
#144,急冻鸟,Articuno,,,,,,,,,,,,,,,,,,,,,,,,
#144,急冻鸟,Articuno,,,,,,,,,,,,,,,,,,,,,,,,
,伽勒尔的样子,,,,,,,,,,,,,,,,,,,,,,,,,
#145,闪电鸟,Zapdos,,,,,,,,,,,,,,,,,,,,,,,,
#145,闪电鸟,Zapdos,,,,,,,,,,,,,,,,,,,,,,,,
,伽勒尔的样子,,,,,,,,,,,,,,,,,,,,,,,,,
#146,火焰鸟,Moltres,,,,,,,,,,,,,,,,,,,,,,,,
#146,火焰鸟,Moltres,,,,,,,,,,,,,,,,,,,,,,,,
,伽勒尔的样子,,,,,,,,,,,,,,,,,,,,,,,,,
#147,迷你龙,Dratini,,,,,,,,,,,,,,,,,,,,,,,,
#148,哈克龙,Dragonair,,,,,,,,,,,,,,,,,,,,,,,,
#149,快龙,Dragonite,,,,,,,,,,,,,,,,,,,,,,,,
#150,超梦,Mewtwo,,,,,,,,,,,,,,,,,,,,,,,,
#151,梦幻,Mew,,,,,,,,,,,,,,,,,,,,,,,,
,,,,,,,,,,,,,,,,,,,,,,,,,,
